,0,1
12.0,2.337,2.743
13.0,2.052,2.384
14.0,0.992,2.42
15.0,2.129,1.707
16.0,1.475,1.594
17.0,2.263,2.271
25.0,2.208,2.378
26.0,2.069,1.75
28.0,1.007,1.621
29.0,3.06,2.078
30.0,3.045,2.912
42.0,2.22,2.816
43.0,2.14,2.741
45.0,2.426,2.027
46.0,0.939,1.49
47.0,1.221,1.601
48.0,1.12,2.591
59.0,1.701,3.226
60.0,1.443,2.39
64.0,1.163,1.721
65.0,1.433,1.985
76.0,2.824,3.111
78.0,1.597,2.444
79.0,1.27,2.207
80.0,1.6,2.513
81.0,1.219,2.925
82.0,0.735,2.352
94.0,2.222,2.775
95.0,1.378,2.43
96.0,0.592,1.983
97.0,1.741,2.691
98.0,0.972,2.506
99.0,3.584,2.718
100.0,3.173,3.144
101.0,1.752,2.653
112.0,1.282,2.252
113.0,2.705,2.509
114.0,1.558,2.263
115.0,4.359,3.425
125.0,2.09,2.534
126.0,1.287,2.26
133.0,2.339,2.907
134.0,1.569,3.135
135.0,2.492,2.995
136.0,2.928,1.917
154.0,1.66,3.502
155.0,1.511,2.005
158.0,2.321,2.294
159.0,0.781,1.738
174.0,1.761,2.902
175.0,1.201,1.64
178.0,1.494,1.943
179.0,2.071,2.521
180.0,1.937,1.999
188.0,3.14,3.109
189.0,1.295,1.91
191.0,2.426,2.307
201.0,1.37,2.774
209.0,3.941,3.143
210.0,2.57,2.581
211.0,0.353,2.868
212.0,2.861,2.762
213.0,2.258,2.5
225.0,2.207,3.731
10.0,0.208,3.911
11.0,2.477,2.993
14.0,1.562,2.171
15.0,1.223,1.409
16.0,2.119,2.695
17.0,2.384,2.02
18.0,0.667,2.602
34.0,2.061,2.401
35.0,1.761,2.479
38.0,3.422,2.764
39.0,2.398,2.494
40.0,1.861,1.976
50.0,1.448,2.493
57.0,1.847,2.602
58.0,1.976,1.889
59.0,2.277,2.478
60.0,0.648,1.629
72.0,3.634,2.611
73.0,3.379,3.097
74.0,2.351,2.932
75.0,2.591,1.386
76.0,1.687,2.816
77.0,0.943,1.699
91.0,1.294,2.458
92.0,1.185,1.504
93.0,3.474,3.672
94.0,1.505,1.674
95.0,2.024,1.63
96.0,1.45,2.993
97.0,1.999,1.777
98.0,1.06,1.794
111.0,1.843,2.272
112.0,2.123,2.322
120.0,0.577,2.156
121.0,1.363,1.202
122.0,1.298,2.337
123.0,1.55,2.276
139.0,1.591,2.956
140.0,1.246,2.527
142.0,1.767,2.373
143.0,1.614,1.433
154.0,3.283,2.536
155.0,1.891,2.461
159.0,3.109,2.702
160.0,1.573,2.353
161.0,1.546,2.477
170.0,2.428,2.943
171.0,1.266,1.822
186.0,2.014,2.489
187.0,1.507,1.438
189.0,3.023,2.985
190.0,0.713,3.284
191.0,1.966,2.978
192.0,1.847,1.992
206.0,1.295,2.194
207.0,1.485,2.587
210.0,2.334,3.549
211.0,1.2,2.426
220.0,0.424,3.827
221.0,2.248,2.621
15.0,3.01,4.036
16.0,1.832,2.513
17.0,1.564,1.872
18.0,2.254,1.239
19.0,1.951,2.381
35.0,1.445,2.556
36.0,1.638,1.813
37.0,2.172,2.297
42.0,1.856,2.098
51.0,2.716,3.035
52.0,1.663,0.903
53.0,2.119,1.991
54.0,2.564,1.531
62.0,2.279,2.85
63.0,0.727,1.519
69.0,0.796,2.705
70.0,1.935,1.576
71.0,1.902,1.443
72.0,1.965,1.873
73.0,3.464,1.266
97.0,2.609,3.714
98.0,2.144,1.935
101.0,3.048,2.382
115.0,0.868,2.311
116.0,2.079,1.721
118.0,1.841,2.73
119.0,1.011,2.012
120.0,1.314,1.664
134.0,1.289,3.211
135.0,1.268,1.859
138.0,1.654,2.705
139.0,1.923,2.18
152.0,1.804,2.355
153.0,0.632,2.126
156.0,2.793,2.246
167.0,1.244,3.014
169.0,1.141,2.79
170.0,1.25,2.192
178.0,2.997,3.121
179.0,1.3,2.266
180.0,1.191,2.095
181.0,1.095,1.875
182.0,0.618,1.842
183.0,1.434,2.132
184.0,0.989,1.562
192.0,1.691,2.478
193.0,2.17,2.105
194.0,2.032,1.956
195.0,2.268,2.16
196.0,3.005,1.445
197.0,0.949,2.515
198.0,1.062,1.12
199.0,1.343,2.472
218.0,1.124,2.666
219.0,0.964,3.039
221.0,2.939,2.303
222.0,3.365,2.36
223.0,2.208,2.842
224.0,2.898,2.594
238.0,1.877,4.094
239.0,1.876,1.894
241.0,2.421,2.979
242.0,1.262,1.927
243.0,1.252,1.981
244.0,1.922,2.317
255.0,1.974,3.497
256.0,1.081,2.455
258.0,2.665,3.333
259.0,0.947,2.658
260.0,2.406,2.386
266.0,0.679,2.412
277.0,1.36,1.733
278.0,3.134,3.163
280.0,4.675,2.495
281.0,1.886,2.869
282.0,1.666,2.032
283.0,2.35,1.826
305.0,1.948,3.46
307.0,1.907,2.821
14.0,1.371,3.917
15.0,2.416,3.499
16.0,0.938,2.717
17.0,0.728,2.54
18.0,0.548,2.877
25.0,2.158,1.768
26.0,0.918,4.088
27.0,1.982,2.378
28.0,3.121,3.481
29.0,0.895,4.028
30.0,1.38,2.656
31.0,1.051,3.959
32.0,0.973,3.845
40.0,0.884,1.994
41.0,3.183,2.785
44.0,2.374,3.153
45.0,1.416,2.594
51.0,1.822,3.77
66.0,1.113,3.424
67.0,1.521,3.049
69.0,1.923,5.58
70.0,0.728,2.815
83.0,0.725,2.18
84.0,0.977,2.289
88.0,1.923,3.261
89.0,1.791,2.324
90.0,1.2,2.597
107.0,2.753,2.603
110.0,2.491,3.08
124.0,1.904,2.395
125.0,2.45,1.314
127.0,0.402,3.139
128.0,1.47,2.445
129.0,1.196,2.471
130.0,2.143,2.628
146.0,1.302,3.051
147.0,1.107,2.455
148.0,1.117,1.884
149.0,2.102,2.902
159.0,2.655,3.149
164.0,2.098,1.89
165.0,1.26,2.779
166.0,1.421,1.895
167.0,0.682,1.608
178.0,2.323,2.213
179.0,1.904,2.62
184.0,2.495,3.647
185.0,2.245,2.657
186.0,1.657,4.667
198.0,0.808,2.502
199.0,1.266,2.766
205.0,1.279,2.646
206.0,1.181,2.524
207.0,1.577,1.683
208.0,0.66,2.775
209.0,1.007,3.137
219.0,1.514,2.536
220.0,1.232,2.838
224.0,0.913,2.543
237.0,1.181,3.468
238.0,1.385,2.529
242.0,1.55,3.054
248.0,1.852,3.21
249.0,1.238,2.938
250.0,1.428,1.876
266.0,1.304,3.491
267.0,1.281,2.973
268.0,1.198,3.545
269.0,0.452,2.969
270.0,1.22,2.702
280.0,2.212,3.648
281.0,1.468,3.979
285.0,1.487,3.663
286.0,1.202,2.766
299.0,0.734,4.344
300.0,1.704,3.24
11.0,2.097,3.425
14.0,0.736,2.666
21.0,0.795,2.348
22.0,1.087,2.239
35.0,2.011,2.791
39.0,2.115,3.576
40.0,2.321,1.977
41.0,0.713,2.053
42.0,1.806,2.979
43.0,1.052,3.415
51.0,1.618,3.678
52.0,1.351,2.304
55.0,0.599,2.778
56.0,3.546,3.385
57.0,0.833,2.227
76.0,2.909,3.42
77.0,0.741,3.636
81.0,1.41,5.149
82.0,0.683,1.938
83.0,0.68,2.234
84.0,1.655,4.005
85.0,0.65,2.286
96.0,2.163,3.56
97.0,0.703,2.329
100.0,1.902,2.578
114.0,1.028,3.273
115.0,0.962,3.065
116.0,0.663,2.88
117.0,1.565,2.003
118.0,2.037,1.937
130.0,1.194,3.441
131.0,0.792,3.356
132.0,1.311,1.703
138.0,2.586,2.888
139.0,0.651,2.818
140.0,0.631,3.369
152.0,3.822,3.112
153.0,1.148,2.201
157.0,1.532,2.781
158.0,1.31,2.648
159.0,0.683,2.073
160.0,3.224,2.026
170.0,1.408,1.902
171.0,1.199,2.916
174.0,0.947,2.334
175.0,1.533,1.99
176.0,0.598,3.12
177.0,0.998,2.953
187.0,5.199,3.519
188.0,1.022,2.695
192.0,0.838,4.063
193.0,1.099,2.777
194.0,0.528,3.215
195.0,1.103,3.136
211.0,,3.868
212.0,,
15.0,1.335,2.993
16.0,0.884,2.103
19.0,1.328,2.671
24.0,1.405,3.111
25.0,1.255,2.367
34.0,2.214,3.474
35.0,0.918,2.839
36.0,1.055,2.306
37.0,0.687,3.395
38.0,0.643,2.14
39.0,1.388,2.264
40.0,0.72,3.129
50.0,0.729,3.481
51.0,1.131,2.126
53.0,1.132,4.547
54.0,0.685,2.106
65.0,1.155,2.993
66.0,0.951,2.328
69.0,1.372,2.289
70.0,2.768,2.364
71.0,0.789,2.991
72.0,1.174,3.484
80.0,0.693,5.366
83.0,1.463,2.917
84.0,1.318,3.33
85.0,1.074,2.874
86.0,0.835,4.053
87.0,0.974,3.808
88.0,0.604,2.763
100.0,0.95,3.37
101.0,1.595,2.973
104.0,0.688,2.52
105.0,1.559,2.431
106.0,1.083,1.966
107.0,0.727,4.052
108.0,0.907,2.9
115.0,1.235,2.844
116.0,0.645,3.11
120.0,1.721,2.998
10.0,1.346,5.154
11.0,2.065,2.958
14.0,1.461,3.052
15.0,1.047,3.152
16.0,1.062,4.136
28.0,4.523,3.975
29.0,0.851,1.819
30.0,0.995,2.074
31.0,1.599,3.298
32.0,2.243,2.971
33.0,0.692,2.826
44.0,3.804,2.905
49.0,0.855,1.904
50.0,2.06,2.617
61.0,1.466,3.098
62.0,0.809,2.259
64.0,1.411,3.711
76.0,1.606,3.189
92.0,2.231,2.55
93.0,1.793,3.246
95.0,1.091,4.745
96.0,1.091,2.488
97.0,0.974,2.473
98.0,0.823,2.747
106.0,0.692,2.675
107.0,1.448,2.211
108.0,0.821,2.237
109.0,1.336,2.764
110.0,0.935,2.414
117.0,0.729,4.306
118.0,1.664,2.271
119.0,1.087,2.95
120.0,1.715,3.339
121.0,1.01,4.529
122.0,1.03,2.285
137.0,1.088,3.839
138.0,1.16,3.845
141.0,0.635,3.026
142.0,1.484,3.691
143.0,0.844,1.856
144.0,1.004,4.075
145.0,1.211,2.209
155.0,0.698,3.158
156.0,1.446,2.738
158.0,1.731,3.757
159.0,1.244,3.11
166.0,1.204,2.918
167.0,0.823,2.23
168.0,1.068,3.071
173.0,1.551,2.877
174.0,2.743,3.287
182.0,2.009,2.953
183.0,0.936,3.483
185.0,2.25,3.164
186.0,1.141,2.853
187.0,0.872,3.005
188.0,1.037,3.453
205.0,1.096,3.802
206.0,1.123,2.678
211.0,0.76,2.832
212.0,1.026,3.379
9.0,2.035,2.144
10.0,1.228,2.033
12.0,2.454,3.849
13.0,1.284,2.519
14.0,2.064,2.717
26.0,1.73,3.561
32.0,2.284,1.665
33.0,1.231,2.172
34.0,3.114,3.689
49.0,1.05,2.657
54.0,1.264,4.128
55.0,0.904,2.682
56.0,0.712,2.175
57.0,0.993,2.246
67.0,0.747,2.483
71.0,1.005,2.301
72.0,1.362,2.75
73.0,1.542,3.588
85.0,1.227,2.569
86.0,0.969,2.348
95.0,2.486,2.29
99.0,3.048,3.342
100.0,1.345,3.455
101.0,1.091,2.229
102.0,1.123,2.215
119.0,1.458,3.193
122.0,0.825,2.798
123.0,2.119,2.453
124.0,0.839,2.87
131.0,1.956,2.286
134.0,1.12,1.791
135.0,1.361,2.277
147.0,1.965,3.185
148.0,5.034,2.419
152.0,0.995,1.782
164.0,1.306,2.599
165.0,0.945,2.129
167.0,2.95,2.507
168.0,0.944,2.441
180.0,1.684,2.321
181.0,1.93,2.339
188.0,0.769,2.932
198.0,0.822,3.466
199.0,1.368,2.07
201.0,2.806,3.129
202.0,1.784,2.55
203.0,0.871,2.454
214.0,1.572,3.038
215.0,0.953,7.604
217.0,6.448,3.196
218.0,1.091,2.43
219.0,,2.336
220.0,,
17.0,1.057,3.419
18.0,0.77,3.078
19.0,0.983,3.896
20.0,2.069,5.303
31.0,0.92,3.549
32.0,1.629,3.127
33.0,1.245,2.063
34.0,0.424,3.103
35.0,1.151,2.672
47.0,1.255,2.537
48.0,1.035,4.392
51.0,1.244,3.033
60.0,1.364,3.154
61.0,0.586,3.158
64.0,1.14,4.44
65.0,1.996,4.708
66.0,1.492,3.535
76.0,0.793,2.634
77.0,1.644,5.036
81.0,1.454,3.93
93.0,1.615,2.722
96.0,0.433,3.13
97.0,2.183,2.853
98.0,3.004,2.628
111.0,1.711,2.937
11.0,1.425,4.533
12.0,1.258,3.336
15.0,1.082,3.891
16.0,1.426,2.671
17.0,1.843,2.827
18.0,1.423,3.75
19.0,0.835,3.31
28.0,2.939,2.945
29.0,0.618,2.868
34.0,1.133,2.967
35.0,2.211,3.056
45.0,0.798,2.633
46.0,1.3,2.556
49.0,0.424,3.092
50.0,2.384,3.384
51.0,1.522,3.92
52.0,1.566,2.492
53.0,0.836,2.257
63.0,1.11,1.59
64.0,0.655,2.361
67.0,0.827,2.686
68.0,2.154,2.049
69.0,1.622,1.82
70.0,1.228,3.593
71.0,1.565,3.009
80.0,1.193,2.051
81.0,2.662,2.281
84.0,0.764,3.479
85.0,2.924,3.181
92.0,0.646,2.44
93.0,1.746,2.461
94.0,0.978,2.922
95.0,2.27,3.747
96.0,1.206,5.191
111.0,1.053,3.951
112.0,2.062,2.803
115.0,0.783,3.943
116.0,0.955,3.624
124.0,2.526,3.203
125.0,2.129,4.823
129.0,0.857,1.852
141.0,0.357,3.634
142.0,1.558,3.376
149.0,1.357,3.943
150.0,0.792,2.951
151.0,1.649,2.538
161.0,1.013,2.572
162.0,1.515,2.958
167.0,1.32,3.251
168.0,2.218,3.172
169.0,1.421,3.046
10.0,,
11.0,2.318,3.883
12.0,0.841,1.809
13.0,1.963,2.966
31.0,0.931,3.711
32.0,1.727,3.139
33.0,1.494,2.065
34.0,1.542,2.731
45.0,0.841,2.896
48.0,1.654,2.197
58.0,0.943,2.723
59.0,1.275,2.98
62.0,0.933,2.396
63.0,0.59,3.037
78.0,1.591,3.373
79.0,0.965,3.209
82.0,0.956,3.341
83.0,0.703,3.054
84.0,0.977,2.362
85.0,1.74,4.615
96.0,1.177,2.905
97.0,1.061,3.904
100.0,1.404,3.794
101.0,2.068,3.726
102.0,1.269,3.625
115.0,1.375,3.222
116.0,1.121,3.524
120.0,1.56,3.172
121.0,1.765,2.357
122.0,1.666,3.546
123.0,0.579,3.178
133.0,1.8,2.725
134.0,1.587,2.903
136.0,0.719,3.276
137.0,1.77,4.216
138.0,1.144,3.321
145.0,1.383,3.602
146.0,0.714,2.657
147.0,2.375,2.865
148.0,1.891,3.462
149.0,0.916,3.575
150.0,1.885,3.895
151.0,1.098,3.412
152.0,2.342,2.133
159.0,1.836,3.182
160.0,2.664,3.007
161.0,0.767,2.962
162.0,1.633,2.986
163.0,1.478,3.413
164.0,1.481,3.092
165.0,1.515,3.483
166.0,0.869,3.583
183.0,0.834,2.664
184.0,1.806,2.94
188.0,1.285,3.885
189.0,1.502,4.077
12.0,0.974,4.077
13.0,2.459,3.849
14.0,1.652,4.517
15.0,1.969,3.044
16.0,0.723,3.228
27.0,1.221,4.624
28.0,1.646,2.807
29.0,1.629,2.813
30.0,0.527,2.669
31.0,2.66,3.42
32.0,1.619,2.685
44.0,0.931,3.332
45.0,0.438,2.227
46.0,0.963,2.242
47.0,1.993,3.471
48.0,1.884,3.457
49.0,1.847,3.571
58.0,0.884,2.566
59.0,1.056,3.532
60.0,1.474,3.76
63.0,0.433,2.678
64.0,1.526,3.402
65.0,2.218,3.928
66.0,2.795,4.591
75.0,2.005,3.741
76.0,2.554,3.852
81.0,1.455,2.911
82.0,1.107,3.278
83.0,1.891,2.309
84.0,2.15,3.239
85.0,2.044,3.932
94.0,3.397,3.954
95.0,1.516,3.536
98.0,0.854,2.862
99.0,1.63,3.907
100.0,1.354,1.994
113.0,0.864,4.368
114.0,1.03,3.343
117.0,1.434,2.186
118.0,1.831,3.263
131.0,2.185,3.396
132.0,0.639,3.269
135.0,0.636,3.63
136.0,0.817,3.279
137.0,2.358,2.58
148.0,1.581,3.327
149.0,1.774,4.158
153.0,1.776,3.235
154.0,1.583,3.516
155.0,0.431,3.279
164.0,1.129,2.809
165.0,1.45,4.303
168.0,1.377,3.268
175.0,1.669,3.857
185.0,2.036,2.765
186.0,0.916,4.125
189.0,1.079,2.095
190.0,1.479,2.749
191.0,1.203,2.816
204.0,2.52,2.688
205.0,2.328,3.597
208.0,0.898,2.563
219.0,1.047,2.748
220.0,1.491,3.554
223.0,1.909,2.181
224.0,1.899,2.612
232.0,1.061,2.901
233.0,1.659,2.482
236.0,1.366,2.055
237.0,0.969,2.406
238.0,2.046,3.792
10.0,1.871,4.068
11.0,2.277,2.846
12.0,0.914,2.943
13.0,0.551,2.207
14.0,1.78,2.996
15.0,2.324,3.199
23.0,1.215,4.579
24.0,2.208,3.226
27.0,1.313,2.777
28.0,2.216,2.182
31.0,2.482,3.173
43.0,0.676,3.571
44.0,1.343,4.314
45.0,2.475,2.641
46.0,2.681,2.562
58.0,2.096,4.148
59.0,1.778,2.452
67.0,1.998,2.249
68.0,1.979,2.228
78.0,1.617,3.119
79.0,1.671,1.989
81.0,2.666,3.351
98.0,2.827,5.198
99.0,2.66,2.437
101.0,0.592,2.455
102.0,2.626,1.801
103.0,0.495,2.505
104.0,1.547,1.356
105.0,1.885,2.516
122.0,0.742,2.029
123.0,0.804,2.452
131.0,1.976,3.45
132.0,2.634,1.981
133.0,1.148,2.399
134.0,0.894,2.389
146.0,0.601,3.613
147.0,0.724,1.624
149.0,1.027,2.065
150.0,2.954,2.337
151.0,1.178,3.106
152.0,0.909,2.076
153.0,1.505,1.428
163.0,1.095,2.771
164.0,1.545,1.894
165.0,1.303,2.917
166.0,0.8,3.023
7.0,1.905,3.683
8.0,2.584,4.006
9.0,0.979,3.034
10.0,1.77,2.629
13.0,1.996,2.505
14.0,3.778,3.67
23.0,1.655,3.205
24.0,4.049,4.195
25.0,1.387,2.607
26.0,1.693,2.283
44.0,1.11,4.672
45.0,1.912,1.339
46.0,2.826,2.338
47.0,4.184,2.975
48.0,1.591,2.828
49.0,3.25,2.844
60.0,1.565,3.642
61.0,1.751,2.135
65.0,3.495,2.654
66.0,2.876,3.631
67.0,1.787,4.244
81.0,2.063,4.005
82.0,1.695,3.597
85.0,3.124,3.367
98.0,1.408,3.569
99.0,2.173,1.808
103.0,3.952,3.451
104.0,2.512,3.914
105.0,1.651,3.168
114.0,2.965,3.777
115.0,0.819,2.807
116.0,1.802,3.078
117.0,2.131,3.422
118.0,1.478,1.991
119.0,1.797,3.043
131.0,2.301,3.883
132.0,0.987,2.017
134.0,2.153,3.104
135.0,3.692,2.701
136.0,2.177,2.659
148.0,1.243,2.837
149.0,2.217,2.551
151.0,1.218,1.462
167.0,1.403,2.773
168.0,1.552,4.222
172.0,0.956,2.186
173.0,1.327,3.022
174.0,2.964,2.272
185.0,2.549,2.537
188.0,2.141,3.469
189.0,0.382,2.641
198.0,1.644,2.313
199.0,1.467,1.408
202.0,1.011,2.272
203.0,0.961,2.069
204.0,1.976,2.588
215.0,0.753,2.792
216.0,0.636,2.709
220.0,2.08,1.904
221.0,1.572,3.715
222.0,1.266,2.876
237.0,0.542,2.428
238.0,1.463,3.317
240.0,1.46,1.941
241.0,1.255,2.275
242.0,1.784,1.854
243.0,1.445,3.184
253.0,0.8,4.382
254.0,0.876,2.398
255.0,1.284,1.412
256.0,1.887,2.936
257.0,1.64,2.722
258.0,1.875,3.943
259.0,1.825,2.818
18.0,0.929,2.091
19.0,2.364,2.989
20.0,1.908,3.496
25.0,2.576,2.538
42.0,0.948,2.627
43.0,2.854,3.087
44.0,2.739,2.863
45.0,2.201,2.353
46.0,2.87,1.627
47.0,1.556,2.902
56.0,5.15,4.465
57.0,1.682,2.007
58.0,1.409,3.728
59.0,0.461,2.238
60.0,2.407,2.523
61.0,2.195,1.974
70.0,1.567,1.778
71.0,1.962,1.814
73.0,2.075,4.159
74.0,1.662,2.491
86.0,1.319,3.37
87.0,1.243,2.508
92.0,0.977,2.546
104.0,0.938,2.654
105.0,1.774,2.555
110.0,2.356,1.88
111.0,2.758,2.97
112.0,2.048,3.212
122.0,2.399,2.419
123.0,2.102,3.426
127.0,1.734,2.226
128.0,1.886,2.983
129.0,1.647,2.913
130.0,3.403,2.564
143.0,1.027,2.07
144.0,1.476,1.872
146.0,1.866,2.809
147.0,2.606,1.329
148.0,0.903,1.89
159.0,0.946,2.264
160.0,,2.367
19.0,1.589,2.957
20.0,1.856,2.588
21.0,1.862,2.258
25.0,1.81,2.926
43.0,2.823,3.343
44.0,3.805,2.026
45.0,1.776,2.433
46.0,4.789,2.767
47.0,1.58,2.939
48.0,3.259,2.803
63.0,1.603,1.702
65.0,1.635,3.099
66.0,0.887,1.962
79.0,0.549,2.777
80.0,1.289,2.115
84.0,0.818,2.523
85.0,1.611,2.219
86.0,,2.498
87.0,,
12.0,1.798,3.104
13.0,1.744,2.29
14.0,1.564,2.356
15.0,3.973,2.307
16.0,2.955,2.454
17.0,2.046,3.634
18.0,1.404,1.875
30.0,2.616,3.158
31.0,1.402,2.067
32.0,0.649,3.374
33.0,5.077,2.892
34.0,2.56,1.66
42.0,2.215,2.719
43.0,1.626,2.357
45.0,2.551,3.34
46.0,0.943,2.964
62.0,1.98,2.769
64.0,2.858,2.089
65.0,1.135,1.632
66.0,3.929,3.27
67.0,1.995,2.534
68.0,1.881,2.915
80.0,2.068,4.363
81.0,1.653,1.729
83.0,1.276,2.152
84.0,1.154,2.486
85.0,1.354,2.224
11.0,1.149,2.906
12.0,2.192,2.147
13.0,1.497,1.246
14.0,1.129,2.547
15.0,1.223,2.573
16.0,1.83,2.152
17.0,0.479,1.672
26.0,2.982,2.578
27.0,1.629,2.765
28.0,2.262,2.954
29.0,1.198,2.305
30.0,1.226,2.226
31.0,2.141,2.467
32.0,0.548,3.353
33.0,1.402,2.638
45.0,1.806,2.727
46.0,2.167,2.224
48.0,1.014,2.812
49.0,1.926,2.581
50.0,1.572,2.698
51.0,1.163,2.412
52.0,1.701,2.965
61.0,0.774,1.92
62.0,3.027,2.774
64.0,0.781,2.076
79.0,0.931,1.681
80.0,1.984,1.899
82.0,1.885,2.118
10.0,2.196,3.586
11.0,2.379,2.78
12.0,2.078,2.93
13.0,2.686,2.598
14.0,1.906,1.581
15.0,0.991,2.556
16.0,3.594,3.098
17.0,3.044,3.006
32.0,0.565,3.998
33.0,2.875,3.916
37.0,0.766,2.64
52.0,2.068,4.031
53.0,3.162,3.109
55.0,1.609,2.719
56.0,0.64,2.349
57.0,1.814,1.919
58.0,2.067,2.561
59.0,2.027,2.314
76.0,0.714,2.279
77.0,1.586,2.554
83.0,0.752,3.103
84.0,1.928,2.588
7.0,2.902,3.58
8.0,2.55,4.008
9.0,2.62,3.075
10.0,3.385,2.125
11.0,1.566,3.442
12.0,2.644,2.749
13.0,2.507,2.849
30.0,2.834,1.795
31.0,1.478,1.258
32.0,1.918,3.436
33.0,4.787,2.802
34.0,2.45,3.954
35.0,1.691,6.113
36.0,1.624,3.177
37.0,3.669,1.634
47.0,0.81,5.891
48.0,2.161,4.065
49.0,2.127,2.356
50.0,1.14,2.397
51.0,3.117,2.597
52.0,3.493,3.876
53.0,2.08,4.061
63.0,0.742,1.826
64.0,1.807,2.894
68.0,1.457,2.092
77.0,0.735,2.096
78.0,1.31,2.852
82.0,0.771,1.369
83.0,1.568,2.344
84.0,1.283,3.482
85.0,1.979,2.612
86.0,1.189,1.75
104.0,1.27,2.05
105.0,1.97,1.26
107.0,1.277,1.338
21.0,1.63,3.506
32.0,1.181,4.435
33.0,2.31,3.042
34.0,3.009,3.023
35.0,1.592,2.492
36.0,3.711,3.103
37.0,2.859,2.495
38.0,1.589,3.175
39.0,1.755,3.997
47.0,1.279,3.712
48.0,2.848,3.288
51.0,1.585,3.965
52.0,1.904,2.446
64.0,1.744,2.941
65.0,2.314,3.09
68.0,2.353,2.113
79.0,2.276,2.993
82.0,0.669,4.02
83.0,1.709,3.152
100.0,1.341,3.077
101.0,1.103,2.814
105.0,1.105,2.151
106.0,1.621,2.17
107.0,2.001,2.786
108.0,1.863,2.888
126.0,2.126,2.431
129.0,2.135,2.793
130.0,1.524,3.064
131.0,1.029,1.782
132.0,1.531,1.909
141.0,2.713,3.983
142.0,1.717,3.173
146.0,2.427,4.169
147.0,1.231,3.857
148.0,3.253,2.201
163.0,1.213,2.857
164.0,1.841,1.549
166.0,2.488,3.478
167.0,3.291,3.695
168.0,1.519,2.261
182.0,2.882,3.196
186.0,3.639,2.97
187.0,2.003,2.717
192.0,1.93,2.167
210.0,1.708,3.062
211.0,1.253,2.424
214.0,1.156,2.497
215.0,0.984,1.937
216.0,2.122,3.885
227.0,0.809,1.882
228.0,2.024,3.069
230.0,2.819,2.822
255.0,2.088,2.013
12.0,,
13.0,2.055,2.578
14.0,2.374,3.091
20.0,1.4,3.514
21.0,2.149,2.478
22.0,1.834,2.174
23.0,3.562,3.062
35.0,1.605,2.465
36.0,2.384,2.106
37.0,1.403,2.533
38.0,1.329,2.497
50.0,1.261,2.865
51.0,2.594,2.498
52.0,3.062,2.76
53.0,1.212,2.559
54.0,1.407,1.543
55.0,3.658,4.584
65.0,1.785,2.757
66.0,2.114,2.82
69.0,0.536,2.939
80.0,0.687,2.77
81.0,2.228,2.942
83.0,2.322,2.963
84.0,1.126,1.66
85.0,2.75,2.309
86.0,1.629,3.703
94.0,0.595,2.701
95.0,1.097,1.579
97.0,3.199,4.817
98.0,1.952,2.734
99.0,1.348,2.012
100.0,0.9,2.202
101.0,,2.815
13.0,0.966,2.125
14.0,1.355,2.422
15.0,0.931,3.245
16.0,1.431,3.423
29.0,0.906,3.751
30.0,0.871,2.777
31.0,0.795,2.768
34.0,1.165,2.484
44.0,0.797,2.63
45.0,1.469,2.25
49.0,1.004,2.229
61.0,2.037,2.559
68.0,1.268,2.727
69.0,1.228,3.491
70.0,1.347,2.167
82.0,1.397,2.337
83.0,1.188,3.676
88.0,0.914,3.495
96.0,1.893,3.996
102.0,1.124,3.228
103.0,1.102,2.423
117.0,1.161,3.596
121.0,1.506,3.491
122.0,1.313,3.5
123.0,1.147,2.658
124.0,1.008,3.678
125.0,1.318,2.969
136.0,3.057,3.154
137.0,1.17,3.347
141.0,0.952,3.201
142.0,2.4,2.804
143.0,0.929,3.005
144.0,0.865,2.871
145.0,2.74,3.216
155.0,0.794,2.818
156.0,1.615,3.505
160.0,1.408,3.734
179.0,1.027,2.294
180.0,1.54,3.303
183.0,1.523,3.058
10.0,1.263,3.813
11.0,0.973,3.127
12.0,1.719,2.304
13.0,1.931,2.652
14.0,1.415,3.117
27.0,1.533,4.449
28.0,0.726,3.644
29.0,1.934,3.117
30.0,1.337,5.132
31.0,0.885,3.074
32.0,1.76,2.759
33.0,0.9,3.456
34.0,1.314,2.944
45.0,0.937,2.893
46.0,1.794,2.749
50.0,1.4,1.827
51.0,2.368,1.889
64.0,1.217,3.423
69.0,1.739,4.061
70.0,1.71,3.875
71.0,2.325,1.815
72.0,1.397,2.526
73.0,1.708,2.073
89.0,0.77,2.988
90.0,1.456,1.574
93.0,1.976,3.116
104.0,0.877,3.002
105.0,1.185,2.582
108.0,1.492,3.648
109.0,1.645,1.358
110.0,2.043,2.946
111.0,2.04,1.602
112.0,1.209,3.5
127.0,2.465,3.604
128.0,2.528,2.353
131.0,0.775,4.795
143.0,1.241,3.773
144.0,1.968,3.887
149.0,3.936,3.452
161.0,2.2,3.595
162.0,1.55,2.864
169.0,0.997,3.204
170.0,1.143,2.274
171.0,0.93,3.768
184.0,2.795,2.429
185.0,1.193,2.291
187.0,1.583,1.964
188.0,1.017,1.243
189.0,1.397,1.522
190.0,2.132,3.591
205.0,2.052,3.104
206.0,1.532,2.521
209.0,2.7,2.835
210.0,1.022,2.917
211.0,0.82,4.645
212.0,2.91,3.243
213.0,0.716,3.398
225.0,1.064,2.036
226.0,1.318,2.91
228.0,1.13,3.064
231.0,1.31,2.264
232.0,0.926,2.628
233.0,1.534,3.072
244.0,1.783,4.069
245.0,0.915,2.116
246.0,1.41,1.152
247.0,1.84,3.335
248.0,1.087,2.838
249.0,1.936,2.551
273.0,0.865,1.545
274.0,1.633,1.275
8.0,1.807,3.072
9.0,0.934,2.586
12.0,2.217,3.214
13.0,2.126,3.359
14.0,1.833,4.387
15.0,1.176,3.114
27.0,2.662,2.9
28.0,0.962,2.927
33.0,2.084,2.589
45.0,1.075,2.546
46.0,1.329,2.409
50.0,1.568,3.75
51.0,0.816,3.109
52.0,2.605,2.775
53.0,3.573,2.919
54.0,1.384,2.456
61.0,1.587,3.016
62.0,1.105,3.544
63.0,2.743,3.397
64.0,4.982,3.279
77.0,1.589,2.132
83.0,0.785,2.259
87.0,1.814,3.385
88.0,1.053,2.317
89.0,2.274,2.716
100.0,2.39,2.982
101.0,2.222,2.517
107.0,2.239,3.211
108.0,2.225,2.999
109.0,1.48,2.345
110.0,1.198,2.348
111.0,1.551,4.123
128.0,1.693,2.586
131.0,1.076,3.041
146.0,1.457,3.234
147.0,1.778,3.07
148.0,1.806,3.298
149.0,2.246,2.694
150.0,1.118,4.465
151.0,0.794,3.403
170.0,1.617,3.916
171.0,1.569,3.575
176.0,2.575,4.011
177.0,1.205,4.441
178.0,1.572,4.839
179.0,1.812,3.314
189.0,1.676,3.509
190.0,1.205,2.828
191.0,1.603,5.224
192.0,2.491,3.473
193.0,2.077,3.764
203.0,3.212,3.931
204.0,2.654,3.687
205.0,1.625,3.671
206.0,3.594,4.528
207.0,1.077,4.457
208.0,0.912,2.16
209.0,2.012,3.65
223.0,1.705,2.85
224.0,1.178,3.984
225.0,2.238,3.542
226.0,1.351,2.55
243.0,0.824,4.61
244.0,1.25,4.104
254.0,1.688,5.1
262.0,1.165,4.17
10.0,1.142,4.861
11.0,3.097,3.271
14.0,1.044,1.325
15.0,2.351,1.466
16.0,0.966,1.401
17.0,3.665,1.584
26.0,1.536,1.837
27.0,1.598,2.665
32.0,1.51,3.347
33.0,1.083,2.06
34.0,4.488,2.21
35.0,1.436,2.506
67.0,1.223,2.244
68.0,2.442,1.539
13.0,0.955,4.55
14.0,1.899,3.837
15.0,1.221,3.084
16.0,1.247,3.994
17.0,1.486,4.19
18.0,0.931,2.908
29.0,1.299,4.372
30.0,1.436,4.055
31.0,0.987,2.846
32.0,1.404,3.272
33.0,1.325,2.868
48.0,1.252,2.773
54.0,2.161,3.426
55.0,0.847,3.358
56.0,1.164,3.436
69.0,0.693,3.887
70.0,1.426,2.59
74.0,1.962,3.595
81.0,2.546,3.087
82.0,0.847,3.253
86.0,1.953,2.929
87.0,1.285,3.299
88.0,1.425,2.806
89.0,1.865,3.449
100.0,2.297,2.87
101.0,1.317,4.089
104.0,2.289,2.494
105.0,1.068,2.622
106.0,1.342,3.43
107.0,1.419,3.101
121.0,2.38,3.3
122.0,1.458,3.414
125.0,1.306,3.708
126.0,1.243,3.714
139.0,1.663,3.098
140.0,1.285,3.318
143.0,1.021,3.419
144.0,1.315,3.504
145.0,1.096,2.753
153.0,2.534,3.217
154.0,1.994,3.441
157.0,1.234,2.99
168.0,2.594,3.356
169.0,1.136,3.897
171.0,1.286,2.922
181.0,2.426,3.571
182.0,0.789,2.445
184.0,1.181,4.123
185.0,1.156,3.026
186.0,0.977,3.402
194.0,2.475,3.857
195.0,1.331,3.47
198.0,1.658,3.593
206.0,0.852,3.189
207.0,2.175,3.283
210.0,2.227,2.886
213.0,2.08,3.262
214.0,1.464,3.044
215.0,0.774,3.325
226.0,0.969,2.416
228.0,1.07,2.569
229.0,0.961,3.426
230.0,1.029,2.478
241.0,1.134,2.981
242.0,0.753,3.229
245.0,1.836,3.235
246.0,0.86,2.798
250.0,1.78,3.348
265.0,1.535,3.142
266.0,0.936,3.28
284.0,1.465,3.112
285.0,0.981,2.843
290.0,1.253,3.425
291.0,1.195,3.353
292.0,0.883,3.044
11.0,,
24.0,2.16,2.712
25.0,1.39,3.056
26.0,1.953,3.25
41.0,1.901,2.996
44.0,3.056,4.102
45.0,1.847,4.653
55.0,2.235,3.497
56.0,2.473,3.192
59.0,1.192,2.167
60.0,1.33,3.158
73.0,2.065,2.627
74.0,1.969,3.387
75.0,0.712,2.519
76.0,1.028,4.88
79.0,2.413,3.023
82.0,1.889,2.418
101.0,2.87,4.244
111.0,2.622,2.933
119.0,1.397,6.08
139.0,1.247,2.281
142.0,2.101,5.34
154.0,1.359,2.869
156.0,1.938,3.721
166.0,1.654,2.344
167.0,1.492,3.073
170.0,1.58,3.014
171.0,1.708,4.034
172.0,2.112,7.939
173.0,1.395,5.356
174.0,2.468,2.224
181.0,1.387,3.191
182.0,0.9,4.564
185.0,1.91,3.824
186.0,1.73,3.895
189.0,3.518,2.747
202.0,2.269,3.966
203.0,1.797,6.341
204.0,2.303,4.8
207.0,1.652,2.94
226.0,0.926,4.34
227.0,1.237,3.31
228.0,1.185,4.851
242.0,1.362,4.303
243.0,1.545,3.584
246.0,2.248,2.669
247.0,1.643,3.36
248.0,2.11,3.24
249.0,1.939,4.853
268.0,1.534,6.513
269.0,2.36,4.249
272.0,1.729,2.933
285.0,1.706,3.678
286.0,1.595,3.991
288.0,0.862,3.774
289.0,1.455,4.087
290.0,1.016,4.951
302.0,2.276,3.866
303.0,1.915,3.696
307.0,,2.683
308.0,,
22.0,4.211,3.001
30.0,0.873,3.5
31.0,1.757,3.247
32.0,1.651,2.78
42.0,1.317,2.28
43.0,1.462,2.693
45.0,1.212,2.897
46.0,2.136,3.673
57.0,0.674,3.74
58.0,2.203,2.656
60.0,1.955,3.927
68.0,2.27,2.542
69.0,3.645,3.258
70.0,3.539,3.452
82.0,3.26,3.291
83.0,3.244,3.054
84.0,1.15,2.655
90.0,0.983,2.653
91.0,2.046,2.975
92.0,2.404,2.789
100.0,2.135,2.496
107.0,1.141,2.141
108.0,1.452,2.675
115.0,1.991,4.534
116.0,3.376,4.336
117.0,2.105,2.211
131.0,1.962,2.644
132.0,2.614,3.569
133.0,0.756,2.174
134.0,2.98,2.793
135.0,3.47,3.749
147.0,2.201,4.318
151.0,1.145,2.301
152.0,1.037,2.209
164.0,1.788,2.844
165.0,2.888,3.12
166.0,1.752,3.207
183.0,1.803,2.718
184.0,0.575,2.559
186.0,0.543,2.323
189.0,2.783,4.025
190.0,0.837,1.838
204.0,1.087,2.696
205.0,2.456,2.489
213.0,1.8,2.245
214.0,1.866,3.336
218.0,1.646,2.286
229.0,1.663,2.65
231.0,1.627,2.142
244.0,1.701,2.183
245.0,1.908,2.344
253.0,3.253,3.427
254.0,0.925,2.679
264.0,1.171,2.004
269.0,2.85,3.006
281.0,0.942,2.801
282.0,0.774,3.408
284.0,1.954,2.276
285.0,1.331,2.398
13.0,0.993,2.819
16.0,2.115,2.61
17.0,2.17,3.377
31.0,1.298,2.964
32.0,2.811,2.478
36.0,1.471,2.818
37.0,2.271,2.287
47.0,1.69,1.81
51.0,0.685,2.787
52.0,2.056,2.292
53.0,1.42,2.333
54.0,2.397,2.883
55.0,1.4,2.232
65.0,1.386,1.937
68.0,1.683,2.287
79.0,0.919,3.343
81.0,1.466,2.155
82.0,1.836,2.33
85.0,0.945,2.514
96.0,1.43,1.692
97.0,1.679,2.522
99.0,1.579,1.66
100.0,1.216,2.728
113.0,2.08,3.424
114.0,0.882,2.544
117.0,2.787,3.172
126.0,1.58,2.243
127.0,1.833,2.904
129.0,1.594,3.651
130.0,0.786,2.289
131.0,2.211,2.646
132.0,1.274,3.25
142.0,1.496,2.771
143.0,0.886,2.092
145.0,1.823,2.165
157.0,1.315,2.607
158.0,1.26,2.798
166.0,1.24,2.565
13.0,2.422,3.913
14.0,1.252,3.656
15.0,2.067,3.87
16.0,1.715,2.608
17.0,2.636,3.605
34.0,0.976,3.173
35.0,1.617,2.677
36.0,1.492,2.0
37.0,0.681,4.22
38.0,1.363,2.446
50.0,1.706,3.947
51.0,1.306,3.57
54.0,2.0,2.711
70.0,1.066,2.584
73.0,2.549,3.414
74.0,1.376,2.877
84.0,1.186,2.782
86.0,1.302,1.685
87.0,1.858,3.798
99.0,1.15,4.649
100.0,1.554,3.724
102.0,2.657,2.164
103.0,2.242,1.939
104.0,0.754,2.987
105.0,1.045,2.818
106.0,0.929,1.847
120.0,0.967,3.562
121.0,1.673,2.866
123.0,1.436,2.801
12.0,1.363,2.266
13.0,3.218,3.175
14.0,2.047,3.554
15.0,1.995,2.717
16.0,1.844,2.014
29.0,1.245,1.993
41.0,1.836,2.327
42.0,1.565,3.73
45.0,1.554,3.809
46.0,1.877,1.976
47.0,0.702,4.086
48.0,2.036,2.117
49.0,1.941,2.62
58.0,1.997,2.574
59.0,1.111,3.92
60.0,2.237,3.358
61.0,2.242,2.268
62.0,4.456,2.559
63.0,1.923,2.014
75.0,2.174,2.686
76.0,1.544,2.449
78.0,1.495,4.635
79.0,0.821,2.289
80.0,2.074,2.593
93.0,1.571,2.606
94.0,1.631,3.375
97.0,2.694,2.891
98.0,1.698,2.46
99.0,0.965,2.766
100.0,1.495,2.096
109.0,2.258,3.026
112.0,2.276,2.113
113.0,2.114,3.076
114.0,0.732,3.617
123.0,2.163,3.012
124.0,2.097,3.461
125.0,1.66,2.198
126.0,1.037,2.017
127.0,1.661,2.498
128.0,1.76,3.081
139.0,2.444,2.495
140.0,1.315,2.975
143.0,2.128,2.564
144.0,2.372,2.44
145.0,1.293,4.454
146.0,0.757,1.89
147.0,1.704,2.56
160.0,2.737,2.744
161.0,1.131,5.098
164.0,1.967,2.395
165.0,1.622,2.892
166.0,1.583,2.213
175.0,1.194,3.41
176.0,1.541,1.853
178.0,2.604,3.12
179.0,2.0,2.602
180.0,0.684,1.566
181.0,1.595,2.14
192.0,1.268,2.967
193.0,1.518,2.109
194.0,0.971,2.386
195.0,1.288,2.529
196.0,2.185,2.382
197.0,1.358,3.204
198.0,1.449,1.888
199.0,1.775,2.878
207.0,1.857,2.234
208.0,1.509,2.246
212.0,2.453,3.959
213.0,0.964,2.204
214.0,2.033,4.633
215.0,1.618,2.44
216.0,0.578,2.181
224.0,1.144,2.864
225.0,1.476,2.696
226.0,0.993,2.149
227.0,2.375,2.889
228.0,0.892,1.891
12.0,1.602,3.058
13.0,2.63,4.726
16.0,2.921,4.506
17.0,1.67,2.796
18.0,1.856,2.129
19.0,3.783,2.873
20.0,1.982,2.129
36.0,4.044,3.16
37.0,1.676,3.366
38.0,1.133,2.557
39.0,2.418,2.188
40.0,1.895,2.25
41.0,2.827,2.151
42.0,2.842,2.498
57.0,2.356,2.767
58.0,1.575,4.103
61.0,2.826,2.809
62.0,1.625,2.516
63.0,3.031,5.2
75.0,2.156,2.255
77.0,2.665,3.191
78.0,0.663,2.795
79.0,3.666,2.456
80.0,1.589,2.943
81.0,2.901,3.072
91.0,1.872,2.7
92.0,3.015,2.52
93.0,1.621,3.326
94.0,1.334,3.034
104.0,1.49,2.534
105.0,1.416,2.012
108.0,2.462,1.652
109.0,1.347,2.683
110.0,1.436,2.35
111.0,2.898,2.432
123.0,2.012,3.12
126.0,1.435,2.182
127.0,1.306,1.64
128.0,2.302,2.65
129.0,1.144,4.246
147.0,2.142,2.232
148.0,0.975,3.581
150.0,2.936,3.464
151.0,1.241,2.832
152.0,1.573,2.244
160.0,3.419,2.719
161.0,1.101,2.921
162.0,0.809,4.158
166.0,1.503,2.032
188.0,1.898,2.711
11.0,1.474,2.824
12.0,1.862,3.373
13.0,1.777,1.879
14.0,1.725,2.6
22.0,1.99,3.292
23.0,0.653,2.723
24.0,1.9,2.516
25.0,1.276,2.06
26.0,1.671,4.437
27.0,1.076,2.475
28.0,1.837,2.444
29.0,1.871,5.77
40.0,3.097,2.877
41.0,1.734,2.183
44.0,2.081,2.64
45.0,1.883,2.887
46.0,1.792,4.567
55.0,2.247,2.808
56.0,1.915,2.928
59.0,1.446,2.891
60.0,1.31,2.544
61.0,1.837,3.133
71.0,0.889,3.187
72.0,1.449,3.322
76.0,3.253,2.548
77.0,2.611,3.071
78.0,0.736,2.092
88.0,2.206,2.189
89.0,1.987,2.054
92.0,0.661,2.392
93.0,1.315,2.581
94.0,1.578,2.401
95.0,1.725,2.459
102.0,1.5,3.061
103.0,1.795,1.974
106.0,1.445,1.768
107.0,1.405,2.18
108.0,1.482,2.325
119.0,2.556,3.213
120.0,1.55,2.024
121.0,1.781,1.777
122.0,1.392,2.005
123.0,2.209,2.337
146.0,1.205,2.402
147.0,1.411,3.47
148.0,0.587,2.648
149.0,,2.589
150.0,,
